{
	"version": 1,
	"changelists": [
		{
			"guid": "00000000000000000000000000000000",
			"description": "Default Uncontrolled Changelist",
			"files": [
				"D:/TP_2DSideScrollerBP-main/TP_2DSideScrollerBP-main/Content/PaperAssets/Traps/Trap/Arrow_Double_Jump.uasset",
				"D:/TP_2DSideScrollerBP-main/TP_2DSideScrollerBP-main/Content/PaperAssets/Traps/Trap/Be_Spear.uasset",
				"D:/TP_2DSideScrollerBP-main/TP_2DSideScrollerBP-main/Content/PaperAssets/Traps/Trap/Be_Xich.uasset",
				"D:/TP_2DSideScrollerBP-main/TP_2DSideScrollerBP-main/Content/PaperAssets/Traps/Trap/Bomb.uasset",
				"D:/TP_2DSideScrollerBP-main/TP_2DSideScrollerBP-main/Content/2DSideScroller/Blueprints/BP_SideScrollerCharacter.uasset",
				"D:/TP_2DSideScrollerBP-main/TP_2DSideScrollerBP-main/Content/PaperAssets/Traps/Trap/Brick1.uasset",
				"D:/TP_2DSideScrollerBP-main/TP_2DSideScrollerBP-main/Content/PaperAssets/Traps/Trap/FallingPlatfrom.uasset",
				"D:/TP_2DSideScrollerBP-main/TP_2DSideScrollerBP-main/Content/PaperAssets/Traps/Trap/FallingRock.uasset",
				"D:/TP_2DSideScrollerBP-main/TP_2DSideScrollerBP-main/Content/PaperAssets/Traps/Trap/Fan.uasset",
				"D:/TP_2DSideScrollerBP-main/TP_2DSideScrollerBP-main/Content/PaperAssets/Traps/Trap/Fire.uasset",
				"D:/TP_2DSideScrollerBP-main/TP_2DSideScrollerBP-main/Content/PaperAssets/Traps/Trap/FireBox.uasset",
				"D:/TP_2DSideScrollerBP-main/TP_2DSideScrollerBP-main/Content/PaperAssets/Traps/Trap/Introl_Trap.uasset",
				"D:/TP_2DSideScrollerBP-main/TP_2DSideScrollerBP-main/Content/PaperAssets/Traps/Trap/Jumper.uasset",
				"D:/TP_2DSideScrollerBP-main/TP_2DSideScrollerBP-main/Content/PaperAssets/Traps/Trap/Matxich.uasset",
				"D:/TP_2DSideScrollerBP-main/TP_2DSideScrollerBP-main/Content/PaperAssets/Traps/Trap/Matxich2.uasset",
				"D:/TP_2DSideScrollerBP-main/TP_2DSideScrollerBP-main/Content/PaperAssets/Traps/Trap/Matxich3.uasset",
				"D:/TP_2DSideScrollerBP-main/TP_2DSideScrollerBP-main/Content/PaperAssets/Traps/Trap/Moving_Platfrom_A.uasset",
				"D:/TP_2DSideScrollerBP-main/TP_2DSideScrollerBP-main/Content/PaperAssets/Traps/Trap/Moving_Platfrom_C.uasset",
				"D:/TP_2DSideScrollerBP-main/TP_2DSideScrollerBP-main/Content/PaperAssets/Traps/Trap/Moving_Platfrom_D.uasset",
				"D:/TP_2DSideScrollerBP-main/TP_2DSideScrollerBP-main/Content/PaperAssets/Traps/Trap/Moving_Platfrom_G.uasset",
				"D:/TP_2DSideScrollerBP-main/TP_2DSideScrollerBP-main/Content/PaperAssets/Traps/Trap/Moving_Platfrom_H.uasset",
				"D:/TP_2DSideScrollerBP-main/TP_2DSideScrollerBP-main/Content/PaperAssets/Traps/Trap/Shooter_Arrow_Trap.uasset",
				"D:/TP_2DSideScrollerBP-main/TP_2DSideScrollerBP-main/Content/PaperAssets/Traps/Trap/Spear.uasset",
				"D:/TP_2DSideScrollerBP-main/TP_2DSideScrollerBP-main/Content/PaperAssets/Traps/Trap/Spike_B.uasset",
				"D:/TP_2DSideScrollerBP-main/TP_2DSideScrollerBP-main/Content/PaperAssets/Traps/Trap/SpikeBall.uasset",
				"D:/TP_2DSideScrollerBP-main/TP_2DSideScrollerBP-main/Content/PaperAssets/Traps/Trap/Suriken.uasset",
				"D:/TP_2DSideScrollerBP-main/TP_2DSideScrollerBP-main/Content/PaperAssets/Traps/Trap/Trap_Spike.uasset",
				"D:/TP_2DSideScrollerBP-main/TP_2DSideScrollerBP-main/Content/PaperAssets/Traps/Trap/Trap_Spike_Run.uasset",
				"D:/TP_2DSideScrollerBP-main/TP_2DSideScrollerBP-main/Content/PaperAssets/Traps/Trap/Wood.uasset",
				"D:/TP_2DSideScrollerBP-main/TP_2DSideScrollerBP-main/Content/PaperAssets/Environment/TM_Stage.uasset",
				"D:/TP_2DSideScrollerBP-main/TP_2DSideScrollerBP-main/Content/2DSideScroller/Input/IMC_SideScroller.uasset",
				"D:/TP_2DSideScrollerBP-main/TP_2DSideScrollerBP-main/Content/2DSideScroller/Input/Actions/IA_Jump1.uasset",
				"D:/TP_2DSideScrollerBP-main/TP_2DSideScrollerBP-main/Content/PaperAssets/Character/NewFolder/recheck_1_Sprite_5.uasset",
				"D:/TP_2DSideScrollerBP-main/TP_2DSideScrollerBP-main/Content/PaperAssets/Character/NewFolder/recheck_1_Sprite_6.uasset",
				"D:/TP_2DSideScrollerBP-main/TP_2DSideScrollerBP-main/Content/PaperAssets/Character/NewFolder/recheck_1_Sprite_7.uasset",
				"D:/TP_2DSideScrollerBP-main/TP_2DSideScrollerBP-main/Content/PaperAssets/Character/NewFolder/recheck_1_Sprite_8.uasset",
				"D:/TP_2DSideScrollerBP-main/TP_2DSideScrollerBP-main/Content/PaperAssets/Character/NewFolder/recheck_1_Sprite_9.uasset",
				"D:/TP_2DSideScrollerBP-main/TP_2DSideScrollerBP-main/Content/PaperAssets/Character/Jump/recheck_1_Sprite_4.uasset",
				"D:/TP_2DSideScrollerBP-main/TP_2DSideScrollerBP-main/Content/PaperAssets/Character/Jump/recheck_1_Sprite_3.uasset",
				"D:/TP_2DSideScrollerBP-main/TP_2DSideScrollerBP-main/Content/PaperAssets/Character/Jump/recheck_1_Sprite_2.uasset",
				"D:/TP_2DSideScrollerBP-main/TP_2DSideScrollerBP-main/Content/PaperAssets/Character/Jump/recheck_1_Sprite_1.uasset",
				"D:/TP_2DSideScrollerBP-main/TP_2DSideScrollerBP-main/Content/PaperAssets/Character/Jump/recheck_1_Sprite_0.uasset",
				"D:/TP_2DSideScrollerBP-main/TP_2DSideScrollerBP-main/Content/PaperAssets/Character/NewFolder1/recheck_1_Sprite_10.uasset",
				"D:/TP_2DSideScrollerBP-main/TP_2DSideScrollerBP-main/Content/PaperAssets/Character/NewFolder1/recheck_1_Sprite_11.uasset",
				"D:/TP_2DSideScrollerBP-main/TP_2DSideScrollerBP-main/Content/PaperAssets/Character/NewFolder1/recheck_1_Sprite_12.uasset",
				"D:/TP_2DSideScrollerBP-main/TP_2DSideScrollerBP-main/Content/PaperAssets/Character/NewFolder1/recheck_1_Sprite_13.uasset",
				"D:/TP_2DSideScrollerBP-main/TP_2DSideScrollerBP-main/Content/PaperAssets/Character/NewFolder2/recheck_1_Sprite_14.uasset",
				"D:/TP_2DSideScrollerBP-main/TP_2DSideScrollerBP-main/Content/PaperAssets/Character/NewFolder2/recheck_1_Sprite_15.uasset",
				"D:/TP_2DSideScrollerBP-main/TP_2DSideScrollerBP-main/Content/PaperAssets/Character/NewFolder3/recheck_1_Sprite_16.uasset",
				"D:/TP_2DSideScrollerBP-main/TP_2DSideScrollerBP-main/Content/PaperAssets/Character/NewFolder3/recheck_1_Sprite_17.uasset",
				"D:/TP_2DSideScrollerBP-main/TP_2DSideScrollerBP-main/Content/PaperAssets/Character/NewFolder3/recheck_1_Sprite_18.uasset",
				"D:/TP_2DSideScrollerBP-main/TP_2DSideScrollerBP-main/Content/PaperAssets/Character/NewFolder3/recheck_1_Sprite_19.uasset",
				"D:/TP_2DSideScrollerBP-main/TP_2DSideScrollerBP-main/Content/PaperAssets/Character/NewFolder5/recheck_1_Sprite_22.uasset",
				"D:/TP_2DSideScrollerBP-main/TP_2DSideScrollerBP-main/Content/PaperAssets/Character/NewFolder5/recheck_1_Sprite_23.uasset",
				"D:/TP_2DSideScrollerBP-main/TP_2DSideScrollerBP-main/Content/PaperAssets/Character/NewFolder5/recheck_1_Sprite_24.uasset",
				"D:/TP_2DSideScrollerBP-main/TP_2DSideScrollerBP-main/Content/PaperAssets/Character/NewFolder5/recheck_1_Sprite_25.uasset",
				"D:/TP_2DSideScrollerBP-main/TP_2DSideScrollerBP-main/Content/PaperAssets/EnemiesAI/Enemies/Orc/Orc/Walking/Orc-Walk_Sprite_0.uasset",
				"D:/TP_2DSideScrollerBP-main/TP_2DSideScrollerBP-main/Content/PaperAssets/EnemiesAI/Enemies/Orc/Orc/Walking/Orc-Walk_Sprite_1.uasset",
				"D:/TP_2DSideScrollerBP-main/TP_2DSideScrollerBP-main/Content/PaperAssets/EnemiesAI/Enemies/Orc/Orc/Walking/Orc-Walk_Sprite_2.uasset",
				"D:/TP_2DSideScrollerBP-main/TP_2DSideScrollerBP-main/Content/PaperAssets/EnemiesAI/Enemies/Orc/Orc/Walking/Orc-Walk_Sprite_3.uasset",
				"D:/TP_2DSideScrollerBP-main/TP_2DSideScrollerBP-main/Content/PaperAssets/EnemiesAI/Enemies/Orc/Orc/Walking/Orc-Walk_Sprite_4.uasset",
				"D:/TP_2DSideScrollerBP-main/TP_2DSideScrollerBP-main/Content/PaperAssets/EnemiesAI/Enemies/Orc/Orc/Walking/Orc-Walk_Sprite_5.uasset",
				"D:/TP_2DSideScrollerBP-main/TP_2DSideScrollerBP-main/Content/PaperAssets/EnemiesAI/Enemies/Orc/Orc/Walking/Orc-Walk_Sprite_6.uasset",
				"D:/TP_2DSideScrollerBP-main/TP_2DSideScrollerBP-main/Content/PaperAssets/EnemiesAI/Enemies/Orc/Orc/Walking/Orc-Walk_Sprite_7.uasset",
				"D:/TP_2DSideScrollerBP-main/TP_2DSideScrollerBP-main/Content/PaperAssets/EnemiesAI/Enemies/Orc/Orc/Idle/Orc-Idle_Sprite_0.uasset",
				"D:/TP_2DSideScrollerBP-main/TP_2DSideScrollerBP-main/Content/PaperAssets/EnemiesAI/Enemies/Orc/Orc/Idle/Orc-Idle_Sprite_1.uasset",
				"D:/TP_2DSideScrollerBP-main/TP_2DSideScrollerBP-main/Content/PaperAssets/EnemiesAI/Enemies/Orc/Orc/Idle/Orc-Idle_Sprite_2.uasset",
				"D:/TP_2DSideScrollerBP-main/TP_2DSideScrollerBP-main/Content/PaperAssets/EnemiesAI/Enemies/Orc/Orc/Idle/Orc-Idle_Sprite_3.uasset",
				"D:/TP_2DSideScrollerBP-main/TP_2DSideScrollerBP-main/Content/PaperAssets/EnemiesAI/Enemies/Orc/Orc/Idle/Orc-Idle_Sprite_4.uasset",
				"D:/TP_2DSideScrollerBP-main/TP_2DSideScrollerBP-main/Content/PaperAssets/EnemiesAI/Enemies/Orc/Orc/Idle/Orc-Idle_Sprite_5.uasset",
				"D:/TP_2DSideScrollerBP-main/TP_2DSideScrollerBP-main/Content/PaperAssets/EnemiesAI/Enemies/Orc/Orc/Attack1/Orc-Attack01_Sprite_0.uasset",
				"D:/TP_2DSideScrollerBP-main/TP_2DSideScrollerBP-main/Content/PaperAssets/EnemiesAI/Enemies/Orc/Orc/Attack1/Orc-Attack01_Sprite_1.uasset",
				"D:/TP_2DSideScrollerBP-main/TP_2DSideScrollerBP-main/Content/PaperAssets/EnemiesAI/Enemies/Orc/Orc/Attack1/Orc-Attack01_Sprite_2.uasset",
				"D:/TP_2DSideScrollerBP-main/TP_2DSideScrollerBP-main/Content/PaperAssets/EnemiesAI/Enemies/Orc/Orc/Attack1/Orc-Attack01_Sprite_3.uasset",
				"D:/TP_2DSideScrollerBP-main/TP_2DSideScrollerBP-main/Content/PaperAssets/EnemiesAI/Enemies/Orc/Orc/Attack1/Orc-Attack01_Sprite_5.uasset",
				"D:/TP_2DSideScrollerBP-main/TP_2DSideScrollerBP-main/Content/PaperAssets/EnemiesAI/Enemies/Orc/Orc/Attack1/Orc-Attack01_Sprite_6.uasset",
				"D:/TP_2DSideScrollerBP-main/TP_2DSideScrollerBP-main/Content/PaperAssets/EnemiesAI/Enemies/Orc/Orc/Attack2/Orc-Attack02_Sprite_0.uasset",
				"D:/TP_2DSideScrollerBP-main/TP_2DSideScrollerBP-main/Content/PaperAssets/EnemiesAI/Enemies/Orc/Orc/Attack2/Orc-Attack02_Sprite_1.uasset",
				"D:/TP_2DSideScrollerBP-main/TP_2DSideScrollerBP-main/Content/PaperAssets/EnemiesAI/Enemies/Orc/Orc/Attack2/Orc-Attack02_Sprite_2.uasset",
				"D:/TP_2DSideScrollerBP-main/TP_2DSideScrollerBP-main/Content/PaperAssets/EnemiesAI/Enemies/Orc/Orc/Attack2/Orc-Attack02_Sprite_3.uasset",
				"D:/TP_2DSideScrollerBP-main/TP_2DSideScrollerBP-main/Content/PaperAssets/EnemiesAI/Enemies/Orc/Orc/Attack2/Orc-Attack02_Sprite_5.uasset",
				"D:/TP_2DSideScrollerBP-main/TP_2DSideScrollerBP-main/Content/PaperAssets/EnemiesAI/Enemies/Orc/Orc/Attack2/Orc-Attack02_Sprite_8.uasset",
				"D:/TP_2DSideScrollerBP-main/TP_2DSideScrollerBP-main/Content/PaperAssets/EnemiesAI/AIEnemy.uasset",
				"D:/TP_2DSideScrollerBP-main/TP_2DSideScrollerBP-main/Content/2DSideScroller/Blueprints/AI_Enemy.uasset",
				"D:/TP_2DSideScrollerBP-main/TP_2DSideScrollerBP-main/Content/2DSideScroller/Blueprints/AIC_Enemy.uasset",
				"D:/TP_2DSideScrollerBP-main/TP_2DSideScrollerBP-main/Content/2DSideScroller/Blueprints/AI_Enemy2.uasset",
				"D:/TP_2DSideScrollerBP-main/TP_2DSideScrollerBP-main/Content/2DSideScroller/Maps/MAP_SideScroller.umap",
				"D:/TP_2DSideScrollerBP-main/TP_2DSideScrollerBP-main/Content/PaperAssets/Character/recheck_1.uasset",
				"D:/TP_2DSideScrollerBP-main/TP_2DSideScrollerBP-main/Content/PaperAssets/Character/NewFolder4/recheck_1_Sprite_21.uasset",
				"D:/TP_2DSideScrollerBP-main/TP_2DSideScrollerBP-main/Content/PaperAssets/Character/NewFolder4/recheck_1_Sprite_20.uasset",
				"D:/TP_2DSideScrollerBP-main/TP_2DSideScrollerBP-main/Content/PaperAssets/Character/Jump/recheck_1.uasset",
				"D:/TP_2DSideScrollerBP-main/TP_2DSideScrollerBP-main/Content/PaperAssets/Character/NewFolder/recheck_1.uasset",
				"D:/TP_2DSideScrollerBP-main/TP_2DSideScrollerBP-main/Content/PaperAssets/EnemiesAI/Enemies/Orc/Orc/Orc-Attack01.uasset",
				"D:/TP_2DSideScrollerBP-main/TP_2DSideScrollerBP-main/Content/PaperAssets/EnemiesAI/Enemies/Orc/Orc/Orc-Attack02.uasset",
				"D:/TP_2DSideScrollerBP-main/TP_2DSideScrollerBP-main/Content/PaperAssets/EnemiesAI/Enemies/Orc/Orc/Orc-Death.uasset",
				"D:/TP_2DSideScrollerBP-main/TP_2DSideScrollerBP-main/Content/PaperAssets/EnemiesAI/Enemies/Orc/Orc/Orc-Hurt.uasset",
				"D:/TP_2DSideScrollerBP-main/TP_2DSideScrollerBP-main/Content/PaperAssets/EnemiesAI/Enemies/Orc/Orc/Orc-Idle.uasset",
				"D:/TP_2DSideScrollerBP-main/TP_2DSideScrollerBP-main/Content/PaperAssets/EnemiesAI/Enemies/Orc/Orc/Orc-Walk.uasset",
				"D:/TP_2DSideScrollerBP-main/TP_2DSideScrollerBP-main/Content/PaperAssets/EnemiesAI/Enemies/Orc/Orc/Orc.uasset",
				"D:/TP_2DSideScrollerBP-main/TP_2DSideScrollerBP-main/Content/PaperAssets/EnemiesAI/Enemies/Orc/Orc/Shadow_sprites/Orc-shadow.uasset",
				"D:/TP_2DSideScrollerBP-main/TP_2DSideScrollerBP-main/Content/PaperAssets/EnemiesAI/Enemies/Orc/Orc/Shadow_sprites/Orc-shadow_attack02.uasset",
				"D:/TP_2DSideScrollerBP-main/TP_2DSideScrollerBP-main/Content/PaperAssets/EnemiesAI/Enemies/Orc/Orc/Shadow_sprites/Orc-shadow_death.uasset",
				"D:/TP_2DSideScrollerBP-main/TP_2DSideScrollerBP-main/Content/PaperAssets/EnemiesAI/Enemies/Orc/Orc_with_shadows/Orc-Attack01.uasset",
				"D:/TP_2DSideScrollerBP-main/TP_2DSideScrollerBP-main/Content/PaperAssets/EnemiesAI/Enemies/Orc/Orc_with_shadows/Orc-Attack02.uasset",
				"D:/TP_2DSideScrollerBP-main/TP_2DSideScrollerBP-main/Content/PaperAssets/EnemiesAI/Enemies/Orc/Orc_with_shadows/Orc-Death.uasset",
				"D:/TP_2DSideScrollerBP-main/TP_2DSideScrollerBP-main/Content/PaperAssets/EnemiesAI/Enemies/Orc/Orc_with_shadows/Orc-Hurt.uasset",
				"D:/TP_2DSideScrollerBP-main/TP_2DSideScrollerBP-main/Content/PaperAssets/EnemiesAI/Enemies/Orc/Orc_with_shadows/Orc-Idle.uasset",
				"D:/TP_2DSideScrollerBP-main/TP_2DSideScrollerBP-main/Content/PaperAssets/EnemiesAI/Enemies/Orc/Orc_with_shadows/Orc-Walk.uasset",
				"D:/TP_2DSideScrollerBP-main/TP_2DSideScrollerBP-main/Content/PaperAssets/EnemiesAI/Enemies/Orc/Orc_with_shadows/Orc.uasset",
				"D:/TP_2DSideScrollerBP-main/TP_2DSideScrollerBP-main/Content/PaperAssets/EnemiesAI/Enemies/Orc/Orc_Split_Effects_/Orc-attack01_Effect.uasset",
				"D:/TP_2DSideScrollerBP-main/TP_2DSideScrollerBP-main/Content/PaperAssets/EnemiesAI/Enemies/Orc/Orc_Split_Effects_/Orc-attack02_Effect.uasset",
				"D:/TP_2DSideScrollerBP-main/TP_2DSideScrollerBP-main/Content/PaperAssets/EnemiesAI/Enemies/Orc/Orc_Split_Effects_/Orc.uasset",
				"D:/TP_2DSideScrollerBP-main/TP_2DSideScrollerBP-main/Content/PaperAssets/EnemiesAI/Enemies/Soldier/Shadow_sprites/Soldier-Shadow.uasset",
				"D:/TP_2DSideScrollerBP-main/TP_2DSideScrollerBP-main/Content/PaperAssets/EnemiesAI/Enemies/Soldier/Soldier-Attack01.uasset",
				"D:/TP_2DSideScrollerBP-main/TP_2DSideScrollerBP-main/Content/PaperAssets/EnemiesAI/Enemies/Soldier/Soldier-Attack02.uasset",
				"D:/TP_2DSideScrollerBP-main/TP_2DSideScrollerBP-main/Content/PaperAssets/EnemiesAI/Enemies/Soldier/Shadow_sprites/Soldier-Shadow_death.uasset",
				"D:/TP_2DSideScrollerBP-main/TP_2DSideScrollerBP-main/Content/PaperAssets/EnemiesAI/Enemies/Soldier/Soldier-Attack03.uasset",
				"D:/TP_2DSideScrollerBP-main/TP_2DSideScrollerBP-main/Content/PaperAssets/EnemiesAI/Enemies/Soldier/Soldier-Death.uasset",
				"D:/TP_2DSideScrollerBP-main/TP_2DSideScrollerBP-main/Content/PaperAssets/EnemiesAI/Enemies/Soldier/Soldier-Hurt.uasset",
				"D:/TP_2DSideScrollerBP-main/TP_2DSideScrollerBP-main/Content/PaperAssets/EnemiesAI/Enemies/Soldier/Soldier-Idle.uasset",
				"D:/TP_2DSideScrollerBP-main/TP_2DSideScrollerBP-main/Content/PaperAssets/EnemiesAI/Enemies/Soldier/Soldier-Shadow_attack2.uasset",
				"D:/TP_2DSideScrollerBP-main/TP_2DSideScrollerBP-main/Content/PaperAssets/EnemiesAI/Enemies/Soldier/Soldier-Walk.uasset",
				"D:/TP_2DSideScrollerBP-main/TP_2DSideScrollerBP-main/Content/PaperAssets/EnemiesAI/Enemies/Soldier/Soldier.uasset",
				"D:/TP_2DSideScrollerBP-main/TP_2DSideScrollerBP-main/Content/PaperAssets/EnemiesAI/Enemies/Soldier_with_shadows/Soldier-Attack01.uasset",
				"D:/TP_2DSideScrollerBP-main/TP_2DSideScrollerBP-main/Content/PaperAssets/EnemiesAI/Enemies/Soldier_with_shadows/Soldier-Attack02.uasset",
				"D:/TP_2DSideScrollerBP-main/TP_2DSideScrollerBP-main/Content/PaperAssets/EnemiesAI/Enemies/Soldier_with_shadows/Soldier-Attack03.uasset",
				"D:/TP_2DSideScrollerBP-main/TP_2DSideScrollerBP-main/Content/PaperAssets/EnemiesAI/Enemies/Soldier_with_shadows/Soldier-Death.uasset",
				"D:/TP_2DSideScrollerBP-main/TP_2DSideScrollerBP-main/Content/PaperAssets/EnemiesAI/Enemies/Soldier_with_shadows/Soldier-Hurt.uasset",
				"D:/TP_2DSideScrollerBP-main/TP_2DSideScrollerBP-main/Content/PaperAssets/EnemiesAI/Enemies/Soldier_with_shadows/Soldier-Idle.uasset",
				"D:/TP_2DSideScrollerBP-main/TP_2DSideScrollerBP-main/Content/PaperAssets/EnemiesAI/Enemies/Soldier_with_shadows/Soldier-Walk.uasset",
				"D:/TP_2DSideScrollerBP-main/TP_2DSideScrollerBP-main/Content/PaperAssets/EnemiesAI/Enemies/Soldier_with_shadows/Soldier.uasset",
				"D:/TP_2DSideScrollerBP-main/TP_2DSideScrollerBP-main/Content/PaperAssets/EnemiesAI/Enemies/Orc/Orc/Walking/Orc-Walk.uasset",
				"D:/TP_2DSideScrollerBP-main/TP_2DSideScrollerBP-main/Content/PaperAssets/EnemiesAI/Enemies/Orc/Orc/Idle/Orc-Idle.uasset",
				"D:/TP_2DSideScrollerBP-main/TP_2DSideScrollerBP-main/Content/PaperAssets/EnemiesAI/Enemies/Orc/Orc/Attack1/Orc-Attack01.uasset",
				"D:/TP_2DSideScrollerBP-main/TP_2DSideScrollerBP-main/Content/PaperAssets/EnemiesAI/Enemies/Orc/Orc/Attack2/Orc-Attack02.uasset",
				"D:/TP_2DSideScrollerBP-main/TP_2DSideScrollerBP-main 5.5/Content/2DSideScroller/Maps/MAP_SideScroller.umap",
				"D:/TP_2DSideScrollerBP-main/TP_2DSideScrollerBP-main 5.5/Content/PaperAssets/Character/recheck_1.uasset",
				"D:/TP_2DSideScrollerBP-main/TP_2DSideScrollerBP-main 5.5/Content/PaperAssets/Character/Jump/Boy_Adventure_A_Sprite_0.uasset",
				"D:/TP_2DSideScrollerBP-main/TP_2DSideScrollerBP-main 5.5/Content/PaperAssets/Character/Jump/Boy_Adventure_A_Sprite_1.uasset",
				"D:/TP_2DSideScrollerBP-main/TP_2DSideScrollerBP-main 5.5/Content/PaperAssets/Character/Jump/Boy_Adventure_A_Sprite_2.uasset",
				"D:/TP_2DSideScrollerBP-main/TP_2DSideScrollerBP-main 5.5/Content/PaperAssets/Character/Jump/Boy_Adventure_A_Sprite_3.uasset",
				"D:/TP_2DSideScrollerBP-main/TP_2DSideScrollerBP-main 5.5/Content/PaperAssets/Character/Jump/Boy_Adventure_A_Sprite_4.uasset",
				"D:/TP_2DSideScrollerBP-main/TP_2DSideScrollerBP-main 5.5/Content/PaperAssets/Character/Jump/Boy_Adventure_A_Sprite_5.uasset",
				"D:/TP_2DSideScrollerBP-main/TP_2DSideScrollerBP-main 5.5/Content/PaperAssets/Character/NewFolder/Boy_Adventure_A_Sprite_6.uasset",
				"D:/TP_2DSideScrollerBP-main/TP_2DSideScrollerBP-main 5.5/Content/PaperAssets/Character/NewFolder/Boy_Adventure_A_Sprite_7.uasset",
				"D:/TP_2DSideScrollerBP-main/TP_2DSideScrollerBP-main 5.5/Content/PaperAssets/Character/NewFolder/Boy_Adventure_A_Sprite_8.uasset",
				"D:/TP_2DSideScrollerBP-main/TP_2DSideScrollerBP-main 5.5/Content/PaperAssets/Character/NewFolder/Boy_Adventure_A_Sprite_9.uasset",
				"D:/TP_2DSideScrollerBP-main/TP_2DSideScrollerBP-main 5.5/Content/PaperAssets/Character/NewFolder/Boy_Adventure_A_Sprite_10.uasset",
				"D:/TP_2DSideScrollerBP-main/TP_2DSideScrollerBP-main 5.5/Content/PaperAssets/Character/NewFolder/Boy_Adventure_A_Sprite_11.uasset",
				"D:/TP_2DSideScrollerBP-main/TP_2DSideScrollerBP-main 5.5/Content/PaperAssets/Character/NewFolder1/Boy_Adventure_A_Sprite_12.uasset",
				"D:/TP_2DSideScrollerBP-main/TP_2DSideScrollerBP-main 5.5/Content/PaperAssets/Character/NewFolder1/Boy_Adventure_A_Sprite_13.uasset",
				"D:/TP_2DSideScrollerBP-main/TP_2DSideScrollerBP-main 5.5/Content/PaperAssets/Character/NewFolder1/Boy_Adventure_A_Sprite_14.uasset",
				"D:/TP_2DSideScrollerBP-main/TP_2DSideScrollerBP-main 5.5/Content/PaperAssets/Character/NewFolder1/Boy_Adventure_A_Sprite_15.uasset",
				"D:/TP_2DSideScrollerBP-main/TP_2DSideScrollerBP-main 5.5/Content/PaperAssets/Character/NewFolder1/Boy_Adventure_A_Sprite_16.uasset",
				"D:/TP_2DSideScrollerBP-main/TP_2DSideScrollerBP-main 5.5/Content/PaperAssets/Character/NewFolder1/Boy_Adventure_A_Sprite_17.uasset",
				"D:/TP_2DSideScrollerBP-main/TP_2DSideScrollerBP-main 5.5/Content/PaperAssets/Character/NewFolder2/Boy_Adventure_A_Sprite_18.uasset",
				"D:/TP_2DSideScrollerBP-main/TP_2DSideScrollerBP-main 5.5/Content/PaperAssets/Character/NewFolder2/Boy_Adventure_A_Sprite_19.uasset",
				"D:/TP_2DSideScrollerBP-main/TP_2DSideScrollerBP-main 5.5/Content/PaperAssets/Character/NewFolder2/Boy_Adventure_A_Sprite_20.uasset",
				"D:/TP_2DSideScrollerBP-main/TP_2DSideScrollerBP-main 5.5/Content/PaperAssets/Character/NewFolder2/Boy_Adventure_A_Sprite_21.uasset",
				"D:/TP_2DSideScrollerBP-main/TP_2DSideScrollerBP-main 5.5/Content/PaperAssets/Character/Jump/recheck_1_Sprite_2.uasset",
				"D:/TP_2DSideScrollerBP-main/TP_2DSideScrollerBP-main 5.5/Content/PaperAssets/Character/Jump/recheck_1_Sprite_1.uasset",
				"D:/TP_2DSideScrollerBP-main/TP_2DSideScrollerBP-main 5.5/Content/PaperAssets/Character/Jump/recheck_1_Sprite_0.uasset",
				"D:/TP_2DSideScrollerBP-main/TP_2DSideScrollerBP-main 5.5/Content/PaperAssets/Character/Jump/recheck_1.uasset",
				"D:/TP_2DSideScrollerBP-main/TP_2DSideScrollerBP-main 5.5/Content/PaperAssets/Character/Jump/recheck_1_Sprite_4.uasset",
				"D:/TP_2DSideScrollerBP-main/TP_2DSideScrollerBP-main 5.5/Content/PaperAssets/Character/Jump/recheck_1_Sprite_3.uasset",
				"D:/TP_2DSideScrollerBP-main/TP_2DSideScrollerBP-main 5.5/Content/PaperAssets/Character/NewFolder/recheck_1_Sprite_9.uasset",
				"D:/TP_2DSideScrollerBP-main/TP_2DSideScrollerBP-main 5.5/Content/PaperAssets/Character/NewFolder/recheck_1_Sprite_8.uasset",
				"D:/TP_2DSideScrollerBP-main/TP_2DSideScrollerBP-main 5.5/Content/PaperAssets/Character/NewFolder/recheck_1_Sprite_7.uasset",
				"D:/TP_2DSideScrollerBP-main/TP_2DSideScrollerBP-main 5.5/Content/PaperAssets/Character/NewFolder/recheck_1_Sprite_6.uasset",
				"D:/TP_2DSideScrollerBP-main/TP_2DSideScrollerBP-main 5.5/Content/PaperAssets/Character/NewFolder/recheck_1_Sprite_5.uasset",
				"D:/TP_2DSideScrollerBP-main/TP_2DSideScrollerBP-main 5.5/Content/PaperAssets/Character/NewFolder/recheck_1.uasset",
				"D:/TP_2DSideScrollerBP-main/TP_2DSideScrollerBP-main 5.5/Content/PaperAssets/Character/NewFolder1/recheck_1_Sprite_13.uasset",
				"D:/TP_2DSideScrollerBP-main/TP_2DSideScrollerBP-main 5.5/Content/PaperAssets/Character/NewFolder1/recheck_1_Sprite_12.uasset",
				"D:/TP_2DSideScrollerBP-main/TP_2DSideScrollerBP-main 5.5/Content/PaperAssets/Character/NewFolder1/recheck_1_Sprite_11.uasset",
				"D:/TP_2DSideScrollerBP-main/TP_2DSideScrollerBP-main 5.5/Content/PaperAssets/Character/NewFolder1/recheck_1_Sprite_10.uasset",
				"D:/TP_2DSideScrollerBP-main/TP_2DSideScrollerBP-main 5.5/Content/PaperAssets/Character/NewFolder2/recheck_1_Sprite_15.uasset",
				"D:/TP_2DSideScrollerBP-main/TP_2DSideScrollerBP-main 5.5/Content/PaperAssets/Character/NewFolder2/recheck_1_Sprite_14.uasset",
				"D:/TP_2DSideScrollerBP-main/TP_2DSideScrollerBP-main 5.5/Content/PaperAssets/Character/NewFolder3/Boy_Adventure_A_Sprite_25.uasset",
				"D:/TP_2DSideScrollerBP-main/TP_2DSideScrollerBP-main 5.5/Content/PaperAssets/Character/NewFolder3/recheck_1_Sprite_16.uasset",
				"D:/TP_2DSideScrollerBP-main/TP_2DSideScrollerBP-main 5.5/Content/PaperAssets/Character/NewFolder3/recheck_1_Sprite_17.uasset",
				"D:/TP_2DSideScrollerBP-main/TP_2DSideScrollerBP-main 5.5/Content/PaperAssets/Character/NewFolder3/recheck_1_Sprite_18.uasset",
				"D:/TP_2DSideScrollerBP-main/TP_2DSideScrollerBP-main 5.5/Content/PaperAssets/Character/NewFolder3/recheck_1_Sprite_19.uasset",
				"D:/TP_2DSideScrollerBP-main/TP_2DSideScrollerBP-main 5.5/Content/PaperAssets/Character/NewFolder4/Boy_Adventure_A_Sprite_51.uasset",
				"D:/TP_2DSideScrollerBP-main/TP_2DSideScrollerBP-main 5.5/Content/PaperAssets/Character/NewFolder4/Boy_Adventure_A_Sprite_52.uasset",
				"D:/TP_2DSideScrollerBP-main/TP_2DSideScrollerBP-main 5.5/Content/PaperAssets/Character/NewFolder4/Boy_Adventure_A_Sprite_53.uasset",
				"D:/TP_2DSideScrollerBP-main/TP_2DSideScrollerBP-main 5.5/Content/PaperAssets/Character/NewFolder4/Boy_Adventure_A_Sprite_54.uasset",
				"D:/TP_2DSideScrollerBP-main/TP_2DSideScrollerBP-main 5.5/Content/PaperAssets/Character/NewFolder4/recheck_1_Sprite_20.uasset",
				"D:/TP_2DSideScrollerBP-main/TP_2DSideScrollerBP-main 5.5/Content/PaperAssets/Character/NewFolder4/recheck_1_Sprite_21.uasset",
				"D:/TP_2DSideScrollerBP-main/TP_2DSideScrollerBP-main 5.5/Content/PaperAssets/Character/NewFolder5/Boy_Adventure_A_Sprite_61.uasset",
				"D:/TP_2DSideScrollerBP-main/TP_2DSideScrollerBP-main 5.5/Content/PaperAssets/Character/NewFolder5/Boy_Adventure_A_Sprite_62.uasset",
				"D:/TP_2DSideScrollerBP-main/TP_2DSideScrollerBP-main 5.5/Content/PaperAssets/Character/NewFolder5/Boy_Adventure_A_Sprite_63.uasset",
				"D:/TP_2DSideScrollerBP-main/TP_2DSideScrollerBP-main 5.5/Content/PaperAssets/Character/NewFolder5/Boy_Adventure_A_Sprite_64.uasset",
				"D:/TP_2DSideScrollerBP-main/TP_2DSideScrollerBP-main 5.5/Content/PaperAssets/Character/NewFolder6/Boy_Adventure_A_Sprite_69.uasset",
				"D:/TP_2DSideScrollerBP-main/TP_2DSideScrollerBP-main 5.5/Content/PaperAssets/Character/NewFolder6/Boy_Adventure_A_Sprite_70.uasset",
				"D:/TP_2DSideScrollerBP-main/TP_2DSideScrollerBP-main 5.5/Content/PaperAssets/Character/NewFolder6/Boy_Adventure_A_Sprite_71.uasset",
				"D:/TP_2DSideScrollerBP-main/TP_2DSideScrollerBP-main 5.5/Content/PaperAssets/Character/NewFolder6/Boy_Adventure_A_Sprite_72.uasset",
				"D:/TP_2DSideScrollerBP-main/TP_2DSideScrollerBP-main 5.5/Content/PaperAssets/Character/NewFolder6/Boy_Adventure_A_Sprite_68.uasset",
				"D:/TP_2DSideScrollerBP-main/TP_2DSideScrollerBP-main 5.5/Content/PaperAssets/Character/NewFolder6/Boy_Adventure_A_Sprite_67.uasset",
				"D:/TP_2DSideScrollerBP-main/TP_2DSideScrollerBP-main 5.5/Content/PaperAssets/Character/NewFolder6/Boy_Adventure_A_Sprite_66.uasset",
				"D:/TP_2DSideScrollerBP-main/TP_2DSideScrollerBP-main 5.5/Content/PaperAssets/Character/NewFolder6/Boy_Adventure_A_Sprite_65.uasset",
				"D:/TP_2DSideScrollerBP-main/TP_2DSideScrollerBP-main 5.5/Content/PaperAssets/Character/Jump/Boy_Idle.uasset",
				"D:/TP_2DSideScrollerBP-main/TP_2DSideScrollerBP-main 5.5/Content/PaperAssets/Character/Idle/Boy_Adventure_A_Sprite_0.uasset",
				"D:/TP_2DSideScrollerBP-main/TP_2DSideScrollerBP-main 5.5/Content/PaperAssets/Character/Idle/Boy_Adventure_A_Sprite_1.uasset",
				"D:/TP_2DSideScrollerBP-main/TP_2DSideScrollerBP-main 5.5/Content/PaperAssets/Character/Idle/Boy_Adventure_A_Sprite_2.uasset",
				"D:/TP_2DSideScrollerBP-main/TP_2DSideScrollerBP-main 5.5/Content/PaperAssets/Character/Idle/Boy_Adventure_A_Sprite_3.uasset",
				"D:/TP_2DSideScrollerBP-main/TP_2DSideScrollerBP-main 5.5/Content/PaperAssets/Character/Idle/Boy_Adventure_A_Sprite_4.uasset",
				"D:/TP_2DSideScrollerBP-main/TP_2DSideScrollerBP-main 5.5/Content/PaperAssets/Character/Idle/Boy_Adventure_A_Sprite_5.uasset",
				"D:/TP_2DSideScrollerBP-main/TP_2DSideScrollerBP-main 5.5/Content/PaperAssets/Character/Idle/Boy_Idle.uasset",
				"D:/TP_2DSideScrollerBP-main/TP_2DSideScrollerBP-main 5.5/Content/PaperAssets/Character/NewFolder/Boy_Walk.uasset",
				"D:/TP_2DSideScrollerBP-main/TP_2DSideScrollerBP-main 5.5/Content/PaperAssets/Character/Walk/Boy_Adventure_A_Sprite_6.uasset",
				"D:/TP_2DSideScrollerBP-main/TP_2DSideScrollerBP-main 5.5/Content/PaperAssets/Character/Walk/Boy_Adventure_A_Sprite_7.uasset",
				"D:/TP_2DSideScrollerBP-main/TP_2DSideScrollerBP-main 5.5/Content/PaperAssets/Character/Walk/Boy_Adventure_A_Sprite_8.uasset",
				"D:/TP_2DSideScrollerBP-main/TP_2DSideScrollerBP-main 5.5/Content/PaperAssets/Character/Walk/Boy_Adventure_A_Sprite_9.uasset",
				"D:/TP_2DSideScrollerBP-main/TP_2DSideScrollerBP-main 5.5/Content/PaperAssets/Character/Walk/Boy_Adventure_A_Sprite_10.uasset",
				"D:/TP_2DSideScrollerBP-main/TP_2DSideScrollerBP-main 5.5/Content/PaperAssets/Character/Walk/Boy_Adventure_A_Sprite_11.uasset",
				"D:/TP_2DSideScrollerBP-main/TP_2DSideScrollerBP-main 5.5/Content/PaperAssets/Character/Walk/Boy_Walk.uasset",
				"D:/TP_2DSideScrollerBP-main/TP_2DSideScrollerBP-main 5.5/Content/PaperAssets/Character/Run/Boy_Adventure_A.uasset",
				"D:/TP_2DSideScrollerBP-main/TP_2DSideScrollerBP-main 5.5/Content/PaperAssets/Character/Run/Boy_Adventure_A_Sprite_12.uasset",
				"D:/TP_2DSideScrollerBP-main/TP_2DSideScrollerBP-main 5.5/Content/PaperAssets/Character/Run/Boy_Adventure_A_Sprite_13.uasset",
				"D:/TP_2DSideScrollerBP-main/TP_2DSideScrollerBP-main 5.5/Content/PaperAssets/Character/Run/Boy_Adventure_A_Sprite_14.uasset",
				"D:/TP_2DSideScrollerBP-main/TP_2DSideScrollerBP-main 5.5/Content/PaperAssets/Character/Run/Boy_Adventure_A_Sprite_15.uasset",
				"D:/TP_2DSideScrollerBP-main/TP_2DSideScrollerBP-main 5.5/Content/PaperAssets/Character/Run/Boy_Adventure_A_Sprite_16.uasset",
				"D:/TP_2DSideScrollerBP-main/TP_2DSideScrollerBP-main 5.5/Content/PaperAssets/Character/Run/Boy_Adventure_A_Sprite_17.uasset",
				"D:/TP_2DSideScrollerBP-main/TP_2DSideScrollerBP-main 5.5/Content/PaperAssets/Character/Run/Boy_Run.uasset",
				"D:/TP_2DSideScrollerBP-main/TP_2DSideScrollerBP-main 5.5/Content/PaperAssets/Character/Walk2/Boy_Run.uasset",
				"D:/TP_2DSideScrollerBP-main/TP_2DSideScrollerBP-main 5.5/Content/PaperAssets/Character/Walk2/Boy_Adventure_A_Sprite_12.uasset",
				"D:/TP_2DSideScrollerBP-main/TP_2DSideScrollerBP-main 5.5/Content/PaperAssets/Character/Walk2/Boy_Adventure_A_Sprite_13.uasset",
				"D:/TP_2DSideScrollerBP-main/TP_2DSideScrollerBP-main 5.5/Content/PaperAssets/Character/Walk2/Boy_Adventure_A_Sprite_14.uasset",
				"D:/TP_2DSideScrollerBP-main/TP_2DSideScrollerBP-main 5.5/Content/PaperAssets/Character/Walk2/Boy_Adventure_A_Sprite_15.uasset",
				"D:/TP_2DSideScrollerBP-main/TP_2DSideScrollerBP-main 5.5/Content/PaperAssets/Character/Walk2/Boy_Adventure_A_Sprite_16.uasset",
				"D:/TP_2DSideScrollerBP-main/TP_2DSideScrollerBP-main 5.5/Content/PaperAssets/Character/Walk2/Boy_Adventure_A_Sprite_17.uasset",
				"D:/TP_2DSideScrollerBP-main/TP_2DSideScrollerBP-main 5.5/Content/PaperAssets/Character/Walk2/Boy_Walk2.uasset",
				"D:/TP_2DSideScrollerBP-main/TP_2DSideScrollerBP-main 5.5/Content/PaperAssets/Character/NewFolder2/Boy_Run.uasset",
				"D:/TP_2DSideScrollerBP-main/TP_2DSideScrollerBP-main 5.5/Content/PaperAssets/Character/Run/Boy_Adventure_A_Sprite_18.uasset",
				"D:/TP_2DSideScrollerBP-main/TP_2DSideScrollerBP-main 5.5/Content/PaperAssets/Character/Run/Boy_Adventure_A_Sprite_19.uasset",
				"D:/TP_2DSideScrollerBP-main/TP_2DSideScrollerBP-main 5.5/Content/PaperAssets/Character/Run/Boy_Adventure_A_Sprite_20.uasset",
				"D:/TP_2DSideScrollerBP-main/TP_2DSideScrollerBP-main 5.5/Content/PaperAssets/Character/Run/Boy_Adventure_A_Sprite_21.uasset",
				"D:/TP_2DSideScrollerBP-main/TP_2DSideScrollerBP-main 5.5/Content/PaperAssets/Character/NewFolder3/Boy_WallSlide.uasset",
				"D:/TP_2DSideScrollerBP-main/TP_2DSideScrollerBP-main 5.5/Content/PaperAssets/Character/WallSlide/Boy_Adventure_A_Sprite_25.uasset",
				"D:/TP_2DSideScrollerBP-main/TP_2DSideScrollerBP-main 5.5/Content/PaperAssets/Character/WallSlide/Boy_WallSlide.uasset",
				"D:/TP_2DSideScrollerBP-main/TP_2DSideScrollerBP-main 5.5/Content/PaperAssets/Character/NewFolder4/Boy_Jump2.uasset",
				"D:/TP_2DSideScrollerBP-main/TP_2DSideScrollerBP-main 5.5/Content/PaperAssets/Character/Jump2/Boy_Adventure_A_Sprite_51.uasset",
				"D:/TP_2DSideScrollerBP-main/TP_2DSideScrollerBP-main 5.5/Content/PaperAssets/Character/Jump2/Boy_Adventure_A_Sprite_52.uasset",
				"D:/TP_2DSideScrollerBP-main/TP_2DSideScrollerBP-main 5.5/Content/PaperAssets/Character/Jump2/Boy_Adventure_A_Sprite_53.uasset",
				"D:/TP_2DSideScrollerBP-main/TP_2DSideScrollerBP-main 5.5/Content/PaperAssets/Character/Jump2/Boy_Adventure_A_Sprite_54.uasset",
				"D:/TP_2DSideScrollerBP-main/TP_2DSideScrollerBP-main 5.5/Content/PaperAssets/Character/Jump2/Boy_Jump2.uasset",
				"D:/TP_2DSideScrollerBP-main/TP_2DSideScrollerBP-main 5.5/Content/PaperAssets/Character/NewFolder5/recheck_1_Sprite_25.uasset",
				"D:/TP_2DSideScrollerBP-main/TP_2DSideScrollerBP-main 5.5/Content/PaperAssets/Character/NewFolder5/recheck_1_Sprite_24.uasset",
				"D:/TP_2DSideScrollerBP-main/TP_2DSideScrollerBP-main 5.5/Content/PaperAssets/Character/NewFolder5/recheck_1_Sprite_23.uasset",
				"D:/TP_2DSideScrollerBP-main/TP_2DSideScrollerBP-main 5.5/Content/PaperAssets/Character/NewFolder5/recheck_1_Sprite_22.uasset",
				"D:/TP_2DSideScrollerBP-main/TP_2DSideScrollerBP-main 5.5/Content/PaperAssets/Character/NewFolder5/Boy_Hit.uasset",
				"D:/TP_2DSideScrollerBP-main/TP_2DSideScrollerBP-main 5.5/Content/PaperAssets/Character/Hit/Boy_Adventure_A_Sprite_61.uasset",
				"D:/TP_2DSideScrollerBP-main/TP_2DSideScrollerBP-main 5.5/Content/PaperAssets/Character/Hit/Boy_Adventure_A_Sprite_62.uasset",
				"D:/TP_2DSideScrollerBP-main/TP_2DSideScrollerBP-main 5.5/Content/PaperAssets/Character/Hit/Boy_Adventure_A_Sprite_63.uasset",
				"D:/TP_2DSideScrollerBP-main/TP_2DSideScrollerBP-main 5.5/Content/PaperAssets/Character/Hit/Boy_Adventure_A_Sprite_64.uasset",
				"D:/TP_2DSideScrollerBP-main/TP_2DSideScrollerBP-main 5.5/Content/PaperAssets/Character/Hit/Boy_Hit.uasset",
				"D:/TP_2DSideScrollerBP-main/TP_2DSideScrollerBP-main 5.5/Content/PaperAssets/Character/NewFolder6/Boy_Death.uasset",
				"D:/TP_2DSideScrollerBP-main/TP_2DSideScrollerBP-main 5.5/Content/PaperAssets/Character/Death/Boy_Adventure_A_Sprite_65.uasset",
				"D:/TP_2DSideScrollerBP-main/TP_2DSideScrollerBP-main 5.5/Content/PaperAssets/Character/Death/Boy_Adventure_A_Sprite_66.uasset",
				"D:/TP_2DSideScrollerBP-main/TP_2DSideScrollerBP-main 5.5/Content/PaperAssets/Character/Death/Boy_Adventure_A_Sprite_67.uasset",
				"D:/TP_2DSideScrollerBP-main/TP_2DSideScrollerBP-main 5.5/Content/PaperAssets/Character/Death/Boy_Adventure_A_Sprite_68.uasset",
				"D:/TP_2DSideScrollerBP-main/TP_2DSideScrollerBP-main 5.5/Content/PaperAssets/Character/Death/Boy_Adventure_A_Sprite_69.uasset",
				"D:/TP_2DSideScrollerBP-main/TP_2DSideScrollerBP-main 5.5/Content/PaperAssets/Character/Death/Boy_Adventure_A_Sprite_70.uasset",
				"D:/TP_2DSideScrollerBP-main/TP_2DSideScrollerBP-main 5.5/Content/PaperAssets/Character/Death/Boy_Adventure_A_Sprite_71.uasset",
				"D:/TP_2DSideScrollerBP-main/TP_2DSideScrollerBP-main 5.5/Content/PaperAssets/Character/Death/Boy_Adventure_A_Sprite_72.uasset",
				"D:/TP_2DSideScrollerBP-main/TP_2DSideScrollerBP-main 5.5/Content/PaperAssets/Character/Death/Boy_Death.uasset",
				"D:/TP_2DSideScrollerBP-main/TP_2DSideScrollerBP-main 5.5/Content/PaperAssets/Character/Jump/Boy_Adventure_A_Sprite_22.uasset",
				"D:/TP_2DSideScrollerBP-main/TP_2DSideScrollerBP-main 5.5/Content/PaperAssets/Character/Fall/Boy_Adventure_A_Sprite_23.uasset",
				"D:/TP_2DSideScrollerBP-main/TP_2DSideScrollerBP-main 5.5/Content/PaperAssets/Character/Fall/Boy_Fall.uasset",
				"D:/TP_2DSideScrollerBP-main/TP_2DSideScrollerBP-main 5.5/Content/PaperAssets/Environment/TM_Stage.uasset",
				"D:/TP_2DSideScrollerBP-main/TP_2DSideScrollerBP-main 5.5/Content/2DSideScroller/Blueprints/BP_SideScrollerCharacter.uasset",
				"D:/TP_2DSideScrollerBP-main/TP_2DSideScrollerBP-main 5.5/Content/2DSideScroller/Blueprints/Enemies/NewBlueprint.uasset",
				"D:/TP_2DSideScrollerBP-main/TP_2DSideScrollerBP-main 5.5/Content/2DSideScroller/Blueprints/Enemies/BP_EnemyBase.uasset",
				"D:/TP_2DSideScrollerBP-main/TP_2DSideScrollerBP-main 5.5/Content/PaperAssets/EnemiesAI/Enemies/Soldier/NewFolder/Soldier-Idle.uasset",
				"D:/TP_2DSideScrollerBP-main/TP_2DSideScrollerBP-main 5.5/Content/PaperAssets/EnemiesAI/Enemies/Soldier/Soldier-Idle.uasset",
				"D:/TP_2DSideScrollerBP-main/TP_2DSideScrollerBP-main 5.5/Content/PaperAssets/EnemiesAI/Enemies/Soldier/Idle/Soldier-Idle.uasset",
				"D:/TP_2DSideScrollerBP-main/TP_2DSideScrollerBP-main 5.5/Content/PaperAssets/EnemiesAI/Enemies/Soldier/Walk/Soldier-Walk.uasset",
				"D:/TP_2DSideScrollerBP-main/TP_2DSideScrollerBP-main 5.5/Content/PaperAssets/EnemiesAI/Enemies/Soldier/Soldier-Walk.uasset",
				"D:/TP_2DSideScrollerBP-main/TP_2DSideScrollerBP-main 5.5/Content/2DSideScroller/Blueprints/AI_Enemy2.uasset",
				"D:/TP_2DSideScrollerBP-main/TP_2DSideScrollerBP-main 5.5/Content/PaperAssets/Character/Boy_Adventure_A.uasset",
				"D:/TP_2DSideScrollerBP-main/TP_2DSideScrollerBP-main 5.5/Content/PaperAssets/Character/Boy_Adventure_A_Sprite_24.uasset",
				"D:/TP_2DSideScrollerBP-main/TP_2DSideScrollerBP-main 5.5/Content/PaperAssets/Character/Boy_Adventure_A_Sprite_26.uasset",
				"D:/TP_2DSideScrollerBP-main/TP_2DSideScrollerBP-main 5.5/Content/PaperAssets/Character/Boy_Adventure_A_Sprite_27.uasset",
				"D:/TP_2DSideScrollerBP-main/TP_2DSideScrollerBP-main 5.5/Content/PaperAssets/Character/Boy_Adventure_A_Sprite_28.uasset",
				"D:/TP_2DSideScrollerBP-main/TP_2DSideScrollerBP-main 5.5/Content/PaperAssets/Character/Boy_Adventure_A_Sprite_29.uasset",
				"D:/TP_2DSideScrollerBP-main/TP_2DSideScrollerBP-main 5.5/Content/PaperAssets/Character/Boy_Adventure_A_Sprite_30.uasset",
				"D:/TP_2DSideScrollerBP-main/TP_2DSideScrollerBP-main 5.5/Content/PaperAssets/Character/Boy_Adventure_A_Sprite_31.uasset",
				"D:/TP_2DSideScrollerBP-main/TP_2DSideScrollerBP-main 5.5/Content/PaperAssets/Character/Boy_Adventure_A_Sprite_32.uasset",
				"D:/TP_2DSideScrollerBP-main/TP_2DSideScrollerBP-main 5.5/Content/PaperAssets/Character/Boy_Adventure_A_Sprite_33.uasset",
				"D:/TP_2DSideScrollerBP-main/TP_2DSideScrollerBP-main 5.5/Content/PaperAssets/Character/Boy_Adventure_A_Sprite_34.uasset",
				"D:/TP_2DSideScrollerBP-main/TP_2DSideScrollerBP-main 5.5/Content/PaperAssets/Character/Boy_Adventure_A_Sprite_35.uasset",
				"D:/TP_2DSideScrollerBP-main/TP_2DSideScrollerBP-main 5.5/Content/PaperAssets/Character/Boy_Adventure_A_Sprite_36.uasset",
				"D:/TP_2DSideScrollerBP-main/TP_2DSideScrollerBP-main 5.5/Content/PaperAssets/Character/Boy_Adventure_A_Sprite_37.uasset",
				"D:/TP_2DSideScrollerBP-main/TP_2DSideScrollerBP-main 5.5/Content/PaperAssets/Character/Boy_Adventure_A_Sprite_38.uasset",
				"D:/TP_2DSideScrollerBP-main/TP_2DSideScrollerBP-main 5.5/Content/PaperAssets/Character/Boy_Adventure_A_Sprite_39.uasset",
				"D:/TP_2DSideScrollerBP-main/TP_2DSideScrollerBP-main 5.5/Content/PaperAssets/Character/Boy_Adventure_A_Sprite_40.uasset",
				"D:/TP_2DSideScrollerBP-main/TP_2DSideScrollerBP-main 5.5/Content/PaperAssets/Character/Boy_Adventure_A_Sprite_41.uasset",
				"D:/TP_2DSideScrollerBP-main/TP_2DSideScrollerBP-main 5.5/Content/PaperAssets/Character/Boy_Adventure_A_Sprite_42.uasset",
				"D:/TP_2DSideScrollerBP-main/TP_2DSideScrollerBP-main 5.5/Content/PaperAssets/Character/Boy_Adventure_A_Sprite_43.uasset",
				"D:/TP_2DSideScrollerBP-main/TP_2DSideScrollerBP-main 5.5/Content/PaperAssets/Character/Boy_Adventure_A_Sprite_44.uasset",
				"D:/TP_2DSideScrollerBP-main/TP_2DSideScrollerBP-main 5.5/Content/PaperAssets/Character/Boy_Adventure_A_Sprite_45.uasset",
				"D:/TP_2DSideScrollerBP-main/TP_2DSideScrollerBP-main 5.5/Content/PaperAssets/Character/Boy_Adventure_A_Sprite_46.uasset",
				"D:/TP_2DSideScrollerBP-main/TP_2DSideScrollerBP-main 5.5/Content/PaperAssets/Character/Boy_Adventure_A_Sprite_47.uasset",
				"D:/TP_2DSideScrollerBP-main/TP_2DSideScrollerBP-main 5.5/Content/PaperAssets/Character/Boy_Adventure_A_Sprite_48.uasset",
				"D:/TP_2DSideScrollerBP-main/TP_2DSideScrollerBP-main 5.5/Content/PaperAssets/Character/Boy_Adventure_A_Sprite_49.uasset",
				"D:/TP_2DSideScrollerBP-main/TP_2DSideScrollerBP-main 5.5/Content/PaperAssets/Character/Boy_Adventure_A_Sprite_50.uasset",
				"D:/TP_2DSideScrollerBP-main/TP_2DSideScrollerBP-main 5.5/Content/PaperAssets/Character/Boy_Adventure_A_Sprite_55.uasset",
				"D:/TP_2DSideScrollerBP-main/TP_2DSideScrollerBP-main 5.5/Content/PaperAssets/Character/Boy_Adventure_A_Sprite_56.uasset",
				"D:/TP_2DSideScrollerBP-main/TP_2DSideScrollerBP-main 5.5/Content/PaperAssets/Character/Boy_Adventure_A_Sprite_57.uasset",
				"D:/TP_2DSideScrollerBP-main/TP_2DSideScrollerBP-main 5.5/Content/PaperAssets/Character/Boy_Adventure_A_Sprite_58.uasset",
				"D:/TP_2DSideScrollerBP-main/TP_2DSideScrollerBP-main 5.5/Content/PaperAssets/Character/Boy_Adventure_A_Sprite_59.uasset",
				"D:/TP_2DSideScrollerBP-main/TP_2DSideScrollerBP-main 5.5/Content/PaperAssets/Character/Boy_Adventure_A_Sprite_60.uasset",
				"D:/TP_2DSideScrollerBP-main/TP_2DSideScrollerBP-main 5.5/Content/PaperAssets/Character/Jump/Boy_Jump.uasset",
				"D:/TP_2DSideScrollerBP-main/TP_2DSideScrollerBP-main 5.5/Content/PaperAssets/EnemiesAI/Enemies/Soldier/Idle/Soldier-Idle_Sprite_0.uasset",
				"D:/TP_2DSideScrollerBP-main/TP_2DSideScrollerBP-main 5.5/Content/PaperAssets/EnemiesAI/Enemies/Soldier/Idle/Soldier-Idle_Sprite_1.uasset",
				"D:/TP_2DSideScrollerBP-main/TP_2DSideScrollerBP-main 5.5/Content/PaperAssets/EnemiesAI/Enemies/Soldier/Idle/Soldier-Idle_Sprite_2.uasset",
				"D:/TP_2DSideScrollerBP-main/TP_2DSideScrollerBP-main 5.5/Content/PaperAssets/EnemiesAI/Enemies/Soldier/Idle/Soldier-Idle_Sprite_3.uasset",
				"D:/TP_2DSideScrollerBP-main/TP_2DSideScrollerBP-main 5.5/Content/PaperAssets/EnemiesAI/Enemies/Soldier/Idle/Soldier-Idle_Sprite_4.uasset",
				"D:/TP_2DSideScrollerBP-main/TP_2DSideScrollerBP-main 5.5/Content/PaperAssets/EnemiesAI/Enemies/Soldier/Idle/Soldier-Idle_Sprite_5.uasset",
				"D:/TP_2DSideScrollerBP-main/TP_2DSideScrollerBP-main 5.5/Content/PaperAssets/EnemiesAI/Enemies/Soldier/Idle/Soldier-Idle1.uasset",
				"D:/TP_2DSideScrollerBP-main/TP_2DSideScrollerBP-main 5.5/Content/PaperAssets/EnemiesAI/Enemies/Soldier/Walk/Soldier-Walk_Sprite_0.uasset",
				"D:/TP_2DSideScrollerBP-main/TP_2DSideScrollerBP-main 5.5/Content/PaperAssets/EnemiesAI/Enemies/Soldier/Walk/Soldier-Walk_Sprite_1.uasset",
				"D:/TP_2DSideScrollerBP-main/TP_2DSideScrollerBP-main 5.5/Content/PaperAssets/EnemiesAI/Enemies/Soldier/Walk/Soldier-Walk_Sprite_2.uasset",
				"D:/TP_2DSideScrollerBP-main/TP_2DSideScrollerBP-main 5.5/Content/PaperAssets/EnemiesAI/Enemies/Soldier/Walk/Soldier-Walk_Sprite_3.uasset",
				"D:/TP_2DSideScrollerBP-main/TP_2DSideScrollerBP-main 5.5/Content/PaperAssets/EnemiesAI/Enemies/Soldier/Walk/Soldier-Walk_Sprite_4.uasset",
				"D:/TP_2DSideScrollerBP-main/TP_2DSideScrollerBP-main 5.5/Content/PaperAssets/EnemiesAI/Enemies/Soldier/Walk/Soldier-Walk_Sprite_5.uasset",
				"D:/TP_2DSideScrollerBP-main/TP_2DSideScrollerBP-main 5.5/Content/PaperAssets/EnemiesAI/Enemies/Soldier/Walk/Soldier-Walk_Sprite_6.uasset",
				"D:/TP_2DSideScrollerBP-main/TP_2DSideScrollerBP-main 5.5/Content/PaperAssets/EnemiesAI/Enemies/Soldier/Walk/Soldier-Walk_Sprite_7.uasset",
				"D:/TP_2DSideScrollerBP-main/TP_2DSideScrollerBP-main 5.5/Content/PaperAssets/EnemiesAI/Enemies/Soldier/Walk/Soldier-Walk1.uasset",
				"D:/TP_2DSideScrollerBP-main/TP_2DSideScrollerBP-main/Content/PaperAssets/Character/NewFolder/recheck_1_Sprite_0.uasset",
				"D:/TP_2DSideScrollerBP-main/TP_2DSideScrollerBP-main/Content/PaperAssets/Character/NewFolder/recheck_1_Sprite_1.uasset",
				"D:/TP_2DSideScrollerBP-main/TP_2DSideScrollerBP-main/Content/PaperAssets/Character/NewFolder/recheck_1_Sprite_2.uasset",
				"D:/TP_2DSideScrollerBP-main/TP_2DSideScrollerBP-main/Content/PaperAssets/Character/NewFolder/recheck_1_Sprite_3.uasset",
				"D:/TP_2DSideScrollerBP-main/TP_2DSideScrollerBP-main/Content/PaperAssets/Character/NewFolder/recheck_1_Sprite_4.uasset",
				"D:/TP_2DSideScrollerBP-main/TP_2DSideScrollerBP-main/Content/PaperAssets/Character/Walking/recheck_1_Sprite_4.uasset",
				"D:/TP_2DSideScrollerBP-main/TP_2DSideScrollerBP-main/Content/PaperAssets/Character/Walking/recheck_1_Sprite_3.uasset",
				"D:/TP_2DSideScrollerBP-main/TP_2DSideScrollerBP-main/Content/PaperAssets/Character/Walking/recheck_1_Sprite_2.uasset",
				"D:/TP_2DSideScrollerBP-main/TP_2DSideScrollerBP-main/Content/PaperAssets/Character/Walking/recheck_1_Sprite_1.uasset",
				"D:/TP_2DSideScrollerBP-main/TP_2DSideScrollerBP-main/Content/PaperAssets/Character/Walking/recheck_1_Sprite_0.uasset",
				"D:/TP_2DSideScrollerBP-main/TP_2DSideScrollerBP-main/Content/PaperAssets/Character/NewFolder/recheck_1_Sprite_10.uasset",
				"D:/TP_2DSideScrollerBP-main/TP_2DSideScrollerBP-main/Content/PaperAssets/Character/Idle/recheck_1_Sprite_4.uasset",
				"D:/TP_2DSideScrollerBP-main/TP_2DSideScrollerBP-main/Content/PaperAssets/Character/Idle/recheck_1_Sprite_3.uasset",
				"D:/TP_2DSideScrollerBP-main/TP_2DSideScrollerBP-main/Content/PaperAssets/Character/Idle/recheck_1_Sprite_2.uasset",
				"D:/TP_2DSideScrollerBP-main/TP_2DSideScrollerBP-main/Content/PaperAssets/Character/Idle/recheck_1_Sprite_1.uasset",
				"D:/TP_2DSideScrollerBP-main/TP_2DSideScrollerBP-main/Content/PaperAssets/Character/Idle/recheck_1_Sprite_0.uasset",
				"D:/TP_2DSideScrollerBP-main/TP_2DSideScrollerBP-main/Content/PaperAssets/Character/recheck_1_Sprite_10.uasset",
				"D:/TP_2DSideScrollerBP-main/TP_2DSideScrollerBP-main/Content/PaperAssets/EnemiesAI/Enemies/Orc/Orc/Attack1/Orc-Attack01_Sprite_4.uasset",
				"D:/TP_2DSideScrollerBP-main/TP_2DSideScrollerBP-main/Content/PaperAssets/EnemiesAI/Enemy.uasset",
				"D:/TP_2DSideScrollerBP-main/TP_2DSideScrollerBP-main/Content/2DSideScroller/Blueprints/AIEnemy.uasset",
				"D:/TP_2DSideScrollerBP-main/TP_2DSideScrollerBP-main/Content/2DSideScroller/Blueprints/AI_Enemy_Movement.uasset",
				"D:/TP_2DSideScrollerBP-main/TP_2DSideScrollerBP-main/Content/2DSideScroller/Blueprints/AI_Enemy_WithAttack.uasset",
				"D:/TP_2DSideScrollerBP-main/TP_2DSideScrollerBP-main/Content/PaperAssets/EnemiesAI/Basic_Humanoid_Sprites/Basic_Humanoid_Sprites_1x.uasset",
				"D:/TP_2DSideScrollerBP-main/TP_2DSideScrollerBP-main/Content/PaperAssets/EnemiesAI/Basic_Humanoid_Sprites/Basic_Humanoid_Sprites_2x.uasset",
				"D:/TP_2DSideScrollerBP-main/TP_2DSideScrollerBP-main/Content/PaperAssets/EnemiesAI/Basic_Humanoid_Sprites/Basic_Humanoid_Sprites_4x.uasset",
				"D:/TP_2DSideScrollerBP-main/TP_2DSideScrollerBP-main/Content/PaperAssets/EnemiesAI/Basic_Humanoid_Animations/bestial_lizardfolk/BestialLizardfolkIdleSide.uasset",
				"D:/TP_2DSideScrollerBP-main/TP_2DSideScrollerBP-main/Content/PaperAssets/EnemiesAI/Basic_Humanoid_Animations/goblin_archer/GoblinArcher.uasset",
				"D:/TP_2DSideScrollerBP-main/TP_2DSideScrollerBP-main/Content/PaperAssets/EnemiesAI/Basic_Humanoid_Animations/goblin_fanatic/GoblinFanatic.uasset",
				"D:/TP_2DSideScrollerBP-main/TP_2DSideScrollerBP-main/Content/PaperAssets/EnemiesAI/Basic_Humanoid_Animations/goblin_fighter/GoblinFighter.uasset",
				"D:/TP_2DSideScrollerBP-main/TP_2DSideScrollerBP-main/Content/PaperAssets/EnemiesAI/Basic_Humanoid_Animations/goblin_fighter/GoblinFighter1.uasset",
				"D:/TP_2DSideScrollerBP-main/TP_2DSideScrollerBP-main/Content/PaperAssets/EnemiesAI/Basic_Humanoid_Animations/goblin_fighter/GoblinFighter_Sprite_0.uasset",
				"D:/TP_2DSideScrollerBP-main/TP_2DSideScrollerBP-main/Content/PaperAssets/EnemiesAI/Basic_Humanoid_Animations/goblin_fighter/GoblinFighter_Sprite_1.uasset",
				"D:/TP_2DSideScrollerBP-main/TP_2DSideScrollerBP-main/Content/PaperAssets/EnemiesAI/Basic_Humanoid_Animations/goblin_fighter/GoblinFighter_Sprite_2.uasset",
				"D:/TP_2DSideScrollerBP-main/TP_2DSideScrollerBP-main/Content/PaperAssets/EnemiesAI/Basic_Humanoid_Animations/goblin_fighter/GoblinFighter_Sprite_3.uasset",
				"D:/TP_2DSideScrollerBP-main/TP_2DSideScrollerBP-main/Content/PaperAssets/EnemiesAI/Basic_Humanoid_Animations/goblin_occultist/GoblinOccultist.uasset",
				"D:/TP_2DSideScrollerBP-main/TP_2DSideScrollerBP-main/Content/PaperAssets/EnemiesAI/Basic_Humanoid_Animations/goblin_wolf_rider/GoblinWolfRider.uasset",
				"D:/TP_2DSideScrollerBP-main/TP_2DSideScrollerBP-main/Content/PaperAssets/EnemiesAI/Basic_Humanoid_Animations/halfling_assassin/HalflingAssassin.uasset",
				"D:/TP_2DSideScrollerBP-main/TP_2DSideScrollerBP-main/Content/PaperAssets/EnemiesAI/Basic_Humanoid_Animations/halfling_assassin/HalflingAssassin1.uasset",
				"D:/TP_2DSideScrollerBP-main/TP_2DSideScrollerBP-main/Content/PaperAssets/EnemiesAI/Basic_Humanoid_Animations/halfling_assassin/HalflingAssassin_Sprite_0.uasset",
				"D:/TP_2DSideScrollerBP-main/TP_2DSideScrollerBP-main/Content/PaperAssets/EnemiesAI/Basic_Humanoid_Animations/halfling_assassin/HalflingAssassin_Sprite_1.uasset",
				"D:/TP_2DSideScrollerBP-main/TP_2DSideScrollerBP-main/Content/PaperAssets/EnemiesAI/Basic_Humanoid_Animations/halfling_assassin/HalflingAssassin_Sprite_2.uasset",
				"D:/TP_2DSideScrollerBP-main/TP_2DSideScrollerBP-main/Content/PaperAssets/EnemiesAI/Basic_Humanoid_Animations/halfling_assassin/HalflingAssassin_Sprite_3.uasset",
				"D:/TP_2DSideScrollerBP-main/TP_2DSideScrollerBP-main/Content/PaperAssets/EnemiesAI/Basic_Humanoid_Animations/halfling_bard/HalflingBard.uasset",
				"D:/TP_2DSideScrollerBP-main/TP_2DSideScrollerBP-main/Content/PaperAssets/EnemiesAI/Basic_Humanoid_Animations/halfling_ranger/HalflingRanger.uasset",
				"D:/TP_2DSideScrollerBP-main/TP_2DSideScrollerBP-main/Content/PaperAssets/EnemiesAI/Basic_Humanoid_Animations/halfling_rogue/HalflingRogue.uasset",
				"D:/TP_2DSideScrollerBP-main/TP_2DSideScrollerBP-main/Content/PaperAssets/EnemiesAI/Basic_Humanoid_Animations/halfling_slinger/HalflingSlinger.uasset",
				"D:/TP_2DSideScrollerBP-main/TP_2DSideScrollerBP-main/Content/PaperAssets/EnemiesAI/Basic_Humanoid_Animations/lizardfolk_archer/LizardfolkArcher.uasset",
				"D:/TP_2DSideScrollerBP-main/TP_2DSideScrollerBP-main/Content/PaperAssets/EnemiesAI/Basic_Humanoid_Animations/lizardfolk_gladiator/LizardfolkGladiator.uasset",
				"D:/TP_2DSideScrollerBP-main/TP_2DSideScrollerBP-main/Content/PaperAssets/EnemiesAI/Basic_Humanoid_Animations/lizardfolk_scout/LizardfolkScout.uasset",
				"D:/TP_2DSideScrollerBP-main/TP_2DSideScrollerBP-main/Content/PaperAssets/EnemiesAI/Basic_Humanoid_Animations/lizardfolk_spearman/LizardfolkSpearman.uasset"
			]
		}
	]
}